{"cameraMode":{"drawMode":0,"name":"Shaded","section":"Shading Mode"},"sceneLighting":true,"audioPlay":false,"sceneViewState":{"showFog":true,"showMaterialUpdate":false,"showSkybox":true,"showFlares":true,"showImageEffects":true,"showParticleSystems":true},"in2DMode":false,"pivot":{"x":0.030000001192092897,"y":0.5,"z":5.46999979019165},"rotation":{"x":0.23032009601593018,"y":-0.5789445638656616,"z":0.1749093383550644,"w":0.7623552083969116},"size":7.841187477111816,"orthographic":false}